-- phpMyAdmin SQL Dump
-- version 5.0.2
-- https://www.phpmyadmin.net/
--
-- Servidor: 127.0.0.1:3306
-- Tiempo de generación: 29-05-2021 a las 16:14:14
-- Versión del servidor: 5.7.31
-- Versión de PHP: 7.3.21

SET SQL_MODE = "NO_AUTO_VALUE_ON_ZERO";
START TRANSACTION;
SET time_zone = "+00:00";


/*!40101 SET @OLD_CHARACTER_SET_CLIENT=@@CHARACTER_SET_CLIENT */;
/*!40101 SET @OLD_CHARACTER_SET_RESULTS=@@CHARACTER_SET_RESULTS */;
/*!40101 SET @OLD_COLLATION_CONNECTION=@@COLLATION_CONNECTION */;
/*!40101 SET NAMES utf8mb4 */;

--
-- Base de datos: `bikelive_v1`
--

-- --------------------------------------------------------

--
-- Estructura de tabla para la tabla `adminprocess`
--

DROP TABLE IF EXISTS `adminprocess`;
CREATE TABLE IF NOT EXISTS `adminprocess` (
  `id` int(11) NOT NULL AUTO_INCREMENT,
  `userName` int(11) NOT NULL,
  `action` varchar(20) NOT NULL,
  `idObject` int(11) NOT NULL,
  `createDate` datetime NOT NULL DEFAULT CURRENT_TIMESTAMP,
  PRIMARY KEY (`id`)
) ENGINE=MyISAM DEFAULT CHARSET=latin1;

-- --------------------------------------------------------

--
-- Estructura de tabla para la tabla `bikes`
--

DROP TABLE IF EXISTS `bikes`;
CREATE TABLE IF NOT EXISTS `bikes` (
  `id` int(11) NOT NULL AUTO_INCREMENT,
  `idUser` int(11) DEFAULT NULL,
  `name` varchar(40) NOT NULL,
  `type` varchar(20) NOT NULL,
  `totalKms` int(11) NOT NULL,
  PRIMARY KEY (`id`),
  KEY `idUser` (`idUser`)
) ENGINE=MyISAM AUTO_INCREMENT=454 DEFAULT CHARSET=latin1;

--
-- Volcado de datos para la tabla `bikes`
--

INSERT INTO `bikes` (`id`, `idUser`, `name`, `type`, `totalKms`) VALUES
(23, 1, 'Coluer test', 'ROAD', 9500),
(69, 1, 'Otra mejor', 'MTB', 500),
(68, 1, 'sdsdsd', 'ROAD', 0),
(67, 1, 'sdd', 'ROAD', 5),
(66, 1, 'sads<', 'ROAD', 0),
(65, 1, '', 'ROAD', 0),
(64, 1, 'sdgsd', 'ROAD', 0),
(63, 1, 'dsffd', 'ROAD', 0),
(62, 1, 'test2', 'ROAD', 88),
(61, 1, 'ddg', 'ROAD', 44),
(55, 1, 'fdfg', 'ROAD', 0),
(56, 1, 'dfgd', 'ROAD', 0),
(57, 1, 'dfd', 'ROAD', 0),
(58, 1, 'dfd', 'ROAD', 4),
(59, 1, 'holaa', 'ROAD', 0),
(60, 1, 'test1', 'MTBHARDTAIL', 0),
(54, 1, 'mi bici nueva', 'ROAD', 0),
(70, 1, 'sdsd', 'ROAD', 0),
(71, 1, '', 'ROAD', 0),
(72, 1, 'ssd', 'ROAD', 0),
(73, 1, 'sdsd', 'ROAD', 0),
(74, 1, 'szdsd', 'ROAD', 0),
(75, 1, '', 'ROAD', 0),
(76, 1, 'peroné', 'ROAD', 0),
(77, 1, 'dgfg', 'ROAD', 0),
(78, 1, 'dsgs', 'ROAD', 0),
(79, 1, 'awesome', 'ROAD', 0),
(80, 1, 'dffa', 'ROAD', 0),
(81, 1, 'rerw', 'ROAD', 0),
(82, 1, 'dsfsd', 'ROAD', 0),
(83, 1, 'sds', 'ROAD', 0),
(84, 1, 'xdsd', 'ROAD', 0),
(85, 1, 'sdsd', 'ROAD', 0),
(86, 1, '', 'ROAD', 0),
(87, 1, 'dfsdf', 'ROAD', 0),
(88, 1, 'cvdv', 'ROAD', 0),
(89, 1, 'dfsd', 'ROAD', 0),
(90, 1, 'jkhj', 'ROAD', 0),
(91, 1, 'pere', 'ROAD', 0),
(92, 1, 'eee', 'ROAD', 0),
(93, 1, 'erer', 'ROAD', 0),
(94, 1, 'erer', 'ROAD', 0),
(95, 1, 'cffhgh', 'ROAD', 0),
(96, 1, 'holaa', 'ROAD', 0),
(97, 1, 'holaaa', 'ROAD', 0),
(98, 1, 'fgfdg', 'ROAD', 0),
(99, 1, 'fetr', 'ROAD', 0),
(100, 1, 'ewfewra', 'ROAD', 0),
(101, 1, 'fdgddf', 'ROAD', 0),
(102, 1, '', 'ROAD', 0),
(103, 1, 'dgdf', 'ROAD', 0),
(104, 1, 'dgsdg', 'ROAD', 0),
(105, 1, 'dfdf', 'ROAD', 0),
(106, 1, 'dsfdf', 'ROAD', 0),
(107, 1, 'dsfd', 'ROAD', 0),
(108, 1, 'jfj', 'ROAD', 0),
(109, 1, 'cdvc', 'ROAD', 0),
(110, 1, 'dgdffg', 'ROAD', 0),
(111, 1, 'dgd', 'ROAD', 0),
(112, 1, '', 'ROAD', 0),
(113, 1, 'fgdf', 'ROAD', 0),
(114, 1, 'dtet', 'ROAD', 0),
(115, 1, 'efe', 'ROAD', 0),
(116, 1, 'sdsd', 'ROAD', 0),
(117, 1, 'qwdsad', 'ROAD', 0),
(118, 1, 'fgf', 'ROAD', 0),
(119, 1, 'erer', 'ROAD', 0),
(120, 1, 'sdsd', 'ROAD', 0),
(121, 1, 'dgd', 'ROAD', 0),
(122, 1, 'dfgg', 'ROAD', 0),
(123, 1, 'dtdrt', 'ROAD', 0),
(124, 1, 'fhgfdh', 'ROAD', 0),
(125, 1, 'thh', 'ROAD', 0),
(126, 1, 'tytr', 'ROAD', 0),
(127, 1, 'ghbvnv', 'ROAD', 0),
(128, 28, 'fdfdf', 'ROAD', 0),
(129, 28, 'fgdg', 'ROAD', 0),
(130, 28, 'sdsd', 'ROAD', 0),
(131, 28, 'fgfd', 'ROAD', 0),
(132, 28, 'sdsd', 'ROAD', 0),
(133, 28, 'sdsd', 'ROAD', 0),
(134, 28, 'dfdf', 'ROAD', 0),
(135, 28, 'sdsd', 'ROAD', 0),
(136, 28, '', 'ROAD', 0),
(137, 28, 'sds', 'ROAD', 0),
(138, 28, '', 'ROAD', 0),
(139, 28, '', 'ROAD', 0),
(140, 28, '', 'ROAD', 0),
(141, 28, '', 'ROAD', 0),
(142, 1, 'dsfdf', 'ROAD', 45),
(143, 1, '', 'ROAD', 0),
(144, 1, 'sdsd', 'ROAD', 0),
(145, 1, 'axsad', 'ROAD', 0),
(146, 1, '', 'ROAD', 0),
(147, 1, 'sdsd', 'ROAD', 0),
(148, 1, '', 'ROAD', 0),
(149, 1, '', 'ROAD', 0),
(150, 1, '', 'ROAD', 0),
(151, 1, '', 'ROAD', 0),
(152, 1, '', 'ROAD', 0),
(153, 1, '', 'ROAD', 0),
(154, 1, '', 'ROAD', 0),
(155, 1, 'sdsd', 'ROAD', 0),
(156, 1, '', 'ROAD', 0),
(157, 1, 'sd', 'ROAD', 0),
(158, 1, '', 'ROAD', 0),
(159, 1, '', 'ROAD', 0),
(160, 1, '', 'ROAD', 0),
(161, 1, '', 'ROAD', 0),
(162, 1, '', 'ROAD', 0),
(163, 1, '', 'ROAD', 0),
(164, 1, '', 'ROAD', 0),
(165, 1, 'dasd', 'ROAD', 0),
(166, 1, '', 'ROAD', 0),
(167, 1, '', 'ROAD', 0),
(168, 1, 'sdasd', 'ROAD', 0),
(169, 1, '', 'ROAD', 0),
(170, 1, '', 'ROAD', 0),
(171, 1, '', 'ROAD', 0),
(172, 1, '', 'ROAD', 0),
(173, 1, '', 'ROAD', 0),
(174, 1, '', 'ROAD', 0),
(175, 1, 'p', 'ROAD', 0),
(176, 1, '', 'ROAD', 0),
(177, 1, '', 'ROAD', 0),
(178, 1, '', 'ROAD', 0),
(179, 1, '', 'ROAD', 0),
(180, 1, 'fcsd', 'ROAD', 0),
(181, 1, 'asa', 'ROAD', 0),
(182, 1, 'SDFS', 'ROAD', 0),
(183, 1, '', 'ROAD', 0),
(184, 1, '', 'ROAD', 0),
(185, 1, '', 'ROAD', 0),
(186, 1, '', 'ROAD', 0),
(187, 1, '', 'ROAD', 0),
(188, 1, '', 'ROAD', 0),
(189, 1, '', 'ROAD', 0),
(190, 1, '', 'ROAD', 0),
(191, 1, '', 'ROAD', 0),
(192, 1, '', 'ROAD', 0),
(193, 1, '', 'ROAD', 0),
(194, 1, 'sds', 'ROAD', 0),
(195, 1, '', 'ROAD', 0),
(196, 1, '', 'ROAD', 0),
(197, 1, '', 'ROAD', 0),
(198, 1, '', 'ROAD', 0),
(199, 1, '', 'ROAD', 0),
(200, 1, '', 'ROAD', 0),
(201, 1, '', 'ROAD', 0),
(202, 1, '', 'ROAD', 0),
(203, 1, '', 'ROAD', 0),
(204, 1, '', 'ROAD', 0),
(205, 1, '', 'ROAD', 0),
(206, 1, '', 'ROAD', 0),
(207, 1, '', 'ROAD', 0),
(208, 1, '', 'ROAD', 0),
(209, 1, '', 'ROAD', 0),
(210, 1, '', 'ROAD', 0),
(211, 1, '', 'ROAD', 0),
(212, 1, '', 'ROAD', 0),
(213, 1, '', 'ROAD', 0),
(214, 1, '', 'ROAD', 0),
(215, 1, '', 'ROAD', 0),
(216, 1, '', 'ROAD', 0),
(217, 1, '', 'ROAD', 0),
(218, 1, '', 'ROAD', 0),
(219, 1, '', 'ROAD', 0),
(220, 1, '', 'ROAD', 0),
(221, 1, '', 'ROAD', 0),
(222, 1, '', 'ROAD', 0),
(223, 1, '', 'ROAD', 0),
(224, 1, '', 'ROAD', 0),
(225, 1, '', 'ROAD', 0),
(226, 1, '', 'ROAD', 0),
(227, 1, '', 'ROAD', 0),
(228, 1, '', 'ROAD', 0),
(229, 1, '', 'ROAD', 0),
(230, 1, '', 'ROAD', 0),
(231, 1, '', 'ROAD', 0),
(232, 1, '', 'ROAD', 0),
(233, 1, '', 'ROAD', 0),
(234, 1, '', 'ROAD', 0),
(235, 1, '', 'ROAD', 0),
(236, 1, '', 'ROAD', 0),
(237, 1, '', 'ROAD', 0),
(238, 1, '', 'ROAD', 0),
(239, 1, '', 'ROAD', 0),
(240, 1, '', 'ROAD', 0),
(241, 1, '', 'ROAD', 0),
(242, 1, '', 'ROAD', 0),
(243, 1, '', 'ROAD', 0),
(244, 1, '', 'ROAD', 0),
(245, 1, '', 'ROAD', 0),
(246, 1, '', 'ROAD', 0),
(247, 1, '', 'ROAD', 0),
(248, 1, '', 'ROAD', 0),
(249, 1, '', 'ROAD', 0),
(250, 1, '', 'ROAD', 0),
(251, 1, '', 'ROAD', 0),
(252, 1, '', 'ROAD', 0),
(253, 1, '', 'ROAD', 0),
(254, 1, '', 'ROAD', 0),
(255, 1, '', 'ROAD', 0),
(256, 1, '', 'ROAD', 0),
(257, 1, '', 'ROAD', 0),
(258, 1, '', 'ROAD', 0),
(259, 1, '', 'ROAD', 0),
(260, 1, '', 'ROAD', 0),
(261, 1, '', 'ROAD', 0),
(262, 1, '', 'ROAD', 0),
(263, 1, '', 'ROAD', 0),
(264, 1, '', 'ROAD', 0),
(265, 1, '', 'ROAD', 0),
(266, 1, '', 'ROAD', 0),
(267, 1, '', 'ROAD', 0),
(268, 1, '', 'ROAD', 0),
(269, 1, '', 'ROAD', 0),
(270, 1, '', 'ROAD', 0),
(271, 1, '', 'ROAD', 0),
(272, 1, '', 'ROAD', 0),
(273, 1, '', 'ROAD', 0),
(274, 1, '', 'ROAD', 0),
(275, 1, '', 'ROAD', 0),
(276, 1, '', 'ROAD', 0),
(277, 1, '', 'ROAD', 0),
(278, 1, '', 'ROAD', 0),
(279, 1, '', 'ROAD', 0),
(280, 1, '', 'ROAD', 0),
(281, 1, '', 'ROAD', 0),
(282, 1, '', 'ROAD', 0),
(283, 1, '', 'ROAD', 0),
(284, 1, '', 'ROAD', 0),
(285, 1, '', 'ROAD', 0),
(286, 1, '', 'ROAD', 0),
(287, 1, '', 'ROAD', 0),
(288, 1, '', 'ROAD', 0),
(289, 1, '', 'ROAD', 0),
(290, 1, '', 'ROAD', 0),
(291, 1, '', 'ROAD', 0),
(292, 1, '', 'ROAD', 0),
(293, 1, '', 'ROAD', 0),
(294, 1, '', 'ROAD', 0),
(295, 1, '', 'ROAD', 0),
(296, 1, '', 'ROAD', 0),
(297, 1, '', 'ROAD', 0),
(298, 1, '', 'ROAD', 0),
(299, 1, '', 'ROAD', 0),
(300, 1, '', 'ROAD', 0),
(301, 1, '', 'ROAD', 0),
(302, 1, '', 'ROAD', 0),
(303, 1, '', 'ROAD', 0),
(304, 1, '', 'ROAD', 0),
(305, 1, '', 'ROAD', 0),
(306, 1, '', 'ROAD', 0),
(307, 1, '', 'ROAD', 0),
(308, 1, '', 'ROAD', 0),
(309, 1, '', 'ROAD', 0),
(310, 1, '', 'ROAD', 0),
(311, 1, '', 'ROAD', 0),
(312, 1, '', 'ROAD', 0),
(313, 1, '', 'ROAD', 0),
(314, 1, '', 'ROAD', 0),
(315, 1, '', 'ROAD', 0),
(316, 1, '', 'ROAD', 0),
(317, 1, '', 'ROAD', 0),
(318, 1, '', 'ROAD', 0),
(319, 1, '', 'ROAD', 0),
(320, 1, '', 'ROAD', 0),
(321, 1, '', 'ROAD', 0),
(322, 1, '', 'ROAD', 0),
(323, 1, '', 'ROAD', 0),
(324, 1, '', 'ROAD', 0),
(325, 1, '', 'ROAD', 0),
(326, 1, '', 'ROAD', 0),
(327, 1, '', 'ROAD', 0),
(328, 1, '', 'ROAD', 0),
(329, 1, '', 'ROAD', 0),
(330, 1, '', 'ROAD', 0),
(331, 1, '', 'ROAD', 0),
(332, 1, '', 'ROAD', 0),
(333, 1, '', 'ROAD', 0),
(334, 1, '', 'ROAD', 0),
(335, 1, '', 'ROAD', 0),
(336, 1, '', 'ROAD', 0),
(337, 1, '', 'ROAD', 0),
(338, 1, '', 'ROAD', 0),
(339, 1, '', 'ROAD', 0),
(340, 1, '', 'ROAD', 0),
(341, 1, '', 'ROAD', 0),
(342, 1, '', 'ROAD', 0),
(343, 1, '', 'ROAD', 0),
(344, 1, '', 'ROAD', 0),
(345, 1, '', 'ROAD', 0),
(346, 1, '', 'ROAD', 0),
(347, 1, '', 'ROAD', 0),
(348, 1, '', 'ROAD', 0),
(349, 1, 'd', 'ROAD', 0),
(350, 29, 'Bici 1', 'ROAD', 1500),
(351, 29, 'bici 2', 'MTBHARDTAIL', 0),
(352, 29, 'bici 3', 'ROAD', 50000),
(353, 30, 'My bike', 'ROAD', 0),
(354, 30, 'SDFS', 'ROAD', 0),
(355, 30, '', 'ROAD', 0),
(356, 30, 'dfd', 'ROAD', 0),
(357, 29, '', 'ROAD', 0),
(358, 31, 'bici 1', 'BMX', 1500),
(359, 29, '', 'ROAD', 0),
(360, 29, '', 'ROAD', 0),
(361, 29, '', 'ROAD', 0),
(362, 29, '', 'ROAD', 0),
(363, 29, '', 'ROAD', 0),
(364, 29, '', 'ROAD', 0),
(365, 29, '', 'ROAD', 0),
(366, 31, '', 'ROAD', 0),
(367, 31, '', 'ROAD', 0),
(368, 31, '', 'ROAD', 0),
(369, 31, '', 'ROAD', 0),
(370, 31, '', 'ROAD', 0),
(371, 31, '', 'ROAD', 0),
(372, 31, '', 'ROAD', 0),
(373, 31, '', 'ROAD', 0),
(374, 31, '', 'ROAD', 0),
(375, 1, '', 'ROAD', 0),
(376, 1, '', 'ROAD', 0),
(377, 1, '', 'ROAD', 0),
(378, 1, '', 'ROAD', 0),
(379, 1, '', 'ROAD', 0),
(380, 1, '', 'ROAD', 0),
(381, 1, '', 'ROAD', 0),
(382, 1, '', 'ROAD', 0),
(383, 1, '', 'ROAD', 0),
(384, 1, '', 'ROAD', 0),
(385, 1, '', 'ROAD', 0),
(386, 1, '', 'ROAD', 0),
(387, 31, '', 'ROAD', 0),
(388, 31, '', 'ROAD', 0),
(389, 31, '', 'ROAD', 0),
(390, 31, '', 'ROAD', 0),
(391, 31, '', 'ROAD', 0),
(392, 31, '', 'ROAD', 0),
(393, 31, '', 'ROAD', 0),
(394, 31, '', 'ROAD', 0),
(395, 31, '', 'ROAD', 0),
(396, 31, '', 'ROAD', 0),
(397, 31, '', 'ROAD', 0),
(398, 31, '', 'ROAD', 0),
(399, 31, '', 'ROAD', 0),
(400, 1, '', 'ROAD', 0),
(401, 1, '', 'ROAD', 0),
(402, 1, '', 'ROAD', 0),
(403, 1, '', 'ROAD', 0),
(404, 1, '', 'ROAD', 0),
(405, 1, '', 'ROAD', 0),
(406, 1, '', 'ROAD', 0),
(407, 1, '', 'ROAD', 0),
(408, 1, '', 'ROAD', 0),
(409, 32, 'bikiins', 'MTBALLMOUNTAIN', 20),
(410, 32, 'bikins', 'ROAD', 0),
(411, 32, '', 'ROAD', 0),
(412, 32, '', 'ROAD', 0),
(413, 32, '', 'ROAD', 0),
(414, 32, '', 'ROAD', 0),
(415, 32, '', 'ROAD', 0),
(416, 32, '', 'ROAD', 0),
(417, 32, '', 'ROAD', 0),
(418, 32, '', 'ROAD', 0),
(419, 32, '', 'ROAD', 0),
(420, 32, '', 'ROAD', 0),
(421, 32, '', 'ROAD', 0),
(422, 32, '', 'ROAD', 0),
(423, 1, '', 'ROAD', 0),
(424, 33, 'My bike', 'ROAD', 1500),
(425, 33, 'my second bike', 'ROAD', 0),
(426, 34, 'awesome bike', 'ROAD', 0),
(427, 34, '', 'ROAD', 0),
(428, 33, '', 'ROAD', 0),
(429, 33, '', 'ROAD', 0),
(430, 33, '', 'ROAD', 0),
(431, 33, '', 'ROAD', 0),
(432, 33, '', 'ROAD', 0),
(433, 36, 'hhh', 'ROAD', 0),
(434, 1, 'prueba', 'ROAD', 1500),
(435, 1, 'xcdf', 'dffadf', 333),
(436, 1, '', 'ROAD', 0),
(437, 1, 'fdgfgfd', 'ROAD', 0),
(438, 37, 'bike1', 'ROAD', 15007697),
(439, 37, 'bici nueva', 'BMX', 1500),
(440, 37, '', 'ROAD', 0),
(441, 37, 'sdsf', 'ROAD', 0),
(442, 38, 'Mi bici fabulosa', 'MTBHARDTAIL', 4122),
(443, 38, 'sdsd', 'ROAD', 400),
(444, 38, 'holaaa', 'MTBHARDTAIL', 2666),
(445, 39, 'Mi bici buena', 'BMX', 500),
(446, 40, 'holaa', 'BMX', 2500),
(447, 1, 'fgdf', 'gfhf', 8978),
(448, 1, 'dfdf', 'dfdf', 34),
(449, 1, 'dfd', 'dfd', 900),
(450, 41, 'my bisi', 'ROAD', 5471),
(451, 41, '', 'ROAD', 0),
(452, 43, 'Bici de proba', 'ROAD', 4165),
(453, 44, 'Bici prova', 'ROAD', 3500);

--
-- Disparadores `bikes`
--
DROP TRIGGER IF EXISTS `addBike`;
DELIMITER $$
CREATE TRIGGER `addBike` AFTER INSERT ON `bikes` FOR EACH ROW UPDATE users SET numberOfBikes = numberOfBikes+1 WHERE id=NEW.idUser
$$
DELIMITER ;
DROP TRIGGER IF EXISTS `erase componentsbike`;
DELIMITER $$
CREATE TRIGGER `erase componentsbike` AFTER DELETE ON `bikes` FOR EACH ROW DELETE FROM userbikecomponents WHERE idBike = old.id
$$
DELIMITER ;
DROP TRIGGER IF EXISTS `subtractBike`;
DELIMITER $$
CREATE TRIGGER `subtractBike` AFTER DELETE ON `bikes` FOR EACH ROW UPDATE users SET numberOfBikes = numberOfBikes-1 WHERE id=OLD.idUser
$$
DELIMITER ;

-- --------------------------------------------------------

--
-- Estructura de tabla para la tabla `components`
--

DROP TABLE IF EXISTS `components`;
CREATE TABLE IF NOT EXISTS `components` (
  `id` int(11) NOT NULL AUTO_INCREMENT,
  `name` varchar(100) NOT NULL,
  `bikeType` varchar(40) DEFAULT NULL,
  `brand` varchar(50) DEFAULT NULL,
  `model` varchar(60) DEFAULT NULL,
  `image` varchar(250) DEFAULT NULL,
  `liveKms` int(11) NOT NULL,
  `createdData` datetime NOT NULL DEFAULT CURRENT_TIMESTAMP,
  PRIMARY KEY (`id`)
) ENGINE=MyISAM AUTO_INCREMENT=22 DEFAULT CHARSET=latin1;

--
-- Volcado de datos para la tabla `components`
--

INSERT INTO `components` (`id`, `name`, `bikeType`, `brand`, `model`, `image`, `liveKms`, `createdData`) VALUES
(2, 'Rim', 'ROAD', 'Mavic', 're3', 'mavig.jpg', 6000, '2021-05-18 16:12:22'),
(3, 'Crank', 'ROAD', 'Shimano', 'gtx', 'dfds.jpg', 5000, '2021-05-18 17:07:45'),
(4, 'brake cable', 'ROAD', 'shimano', 'gtb', 'cablefreno.jpg', 5000, '2021-05-25 20:13:33'),
(5, 'disc brake', 'MTB', 'decathlon', 'dgd', 'brakedisc.jpg', 3000, '2021-05-25 20:13:33'),
(6, 'tyre', 'MTB', 'maxxis', 'ardent', 'maxxisardent.jpg', 2000, '2021-05-25 20:13:33'),
(7, 'tyre', 'ROAD', 'michellin', 'pro ligth', 'michellintyre.jpg', 2900, '2021-05-25 20:13:33'),
(10, 'Chain', 'BMX', 'Oddisey', 'Odi-gt', 'chainodissey.jpg', 3000, '2021-05-28 22:20:02');

-- --------------------------------------------------------

--
-- Estructura de tabla para la tabla `notifications`
--

DROP TABLE IF EXISTS `notifications`;
CREATE TABLE IF NOT EXISTS `notifications` (
  `id` int(11) NOT NULL AUTO_INCREMENT,
  `idUser` int(11) NOT NULL,
  `idUserBikeComponent` int(11) DEFAULT NULL,
  `message` varchar(400) DEFAULT NULL,
  `createdDate` datetime NOT NULL DEFAULT CURRENT_TIMESTAMP,
  `seen` tinyint(1) NOT NULL DEFAULT '0',
  PRIMARY KEY (`id`),
  KEY `idUser` (`idUser`),
  KEY `idUserBikeComponent` (`idUserBikeComponent`)
) ENGINE=MyISAM AUTO_INCREMENT=65 DEFAULT CHARSET=latin1;

--
-- Volcado de datos para la tabla `notifications`
--

INSERT INTO `notifications` (`id`, `idUser`, `idUserBikeComponent`, `message`, `createdDate`, `seen`) VALUES
(1, 1, 5, 'Be careful the live of your component is almost over', '2021-05-20 16:13:07', 1),
(3, 41, 451, 'The live of your disc brake is over, you should change it', '2021-05-28 16:24:25', 1),
(4, 41, 454, 'The live of your disc brake is over, you should change it', '2021-05-28 16:24:25', 1),
(5, 41, 455, 'The live of your tyre is over, you should change it', '2021-05-28 16:24:25', 1),
(6, 41, 457, 'The live of your tyre is over, you should change it', '2021-05-28 16:24:25', 1),
(7, 41, 458, 'The live of your tyre is over, you should change it', '2021-05-28 16:24:25', 1),
(8, 41, 451, 'The live of your disc brake is over, you should change it', '2021-05-28 17:08:38', 1),
(9, 41, 454, 'The live of your disc brake is over, you should change it', '2021-05-28 17:08:38', 1),
(10, 41, 455, 'The live of your tyre is over, you should change it', '2021-05-28 17:08:38', 1),
(11, 41, 457, 'The live of your tyre is over, you should change it', '2021-05-28 17:08:38', 1),
(12, 41, 458, 'The live of your tyre is over, you should change it', '2021-05-28 17:08:38', 1),
(13, 41, 451, 'The live of your disc brake is over, you should change it', '2021-05-28 17:08:38', 1),
(14, 41, 454, 'The live of your disc brake is over, you should change it', '2021-05-28 17:08:38', 1),
(15, 41, 455, 'The live of your tyre is over, you should change it', '2021-05-28 17:08:38', 1),
(16, 41, 457, 'The live of your tyre is over, you should change it', '2021-05-28 17:08:38', 1),
(17, 41, 458, 'The live of your tyre is over, you should change it', '2021-05-28 17:08:38', 1),
(18, 41, 451, 'The live of your disc brake is over, you should change it', '2021-05-28 17:10:45', 1),
(19, 41, 454, 'The live of your disc brake is over, you should change it', '2021-05-28 17:10:45', 1),
(20, 41, 455, 'The live of your tyre is over, you should change it', '2021-05-28 17:10:45', 1),
(21, 41, 457, 'The live of your tyre is over, you should change it', '2021-05-28 17:10:45', 1),
(22, 41, 458, 'The live of your tyre is over, you should change it', '2021-05-28 17:10:45', 1),
(23, 41, 451, 'The live of your disc brake is over, you should change it', '2021-05-28 17:11:47', 1),
(24, 41, 454, 'The live of your disc brake is over, you should change it', '2021-05-28 17:11:47', 1),
(25, 41, 455, 'The live of your tyre is over, you should change it', '2021-05-28 17:11:47', 1),
(26, 41, 457, 'The live of your tyre is over, you should change it', '2021-05-28 17:11:47', 1),
(27, 41, 458, 'The live of your tyre is over, you should change it', '2021-05-28 17:11:47', 1),
(28, 41, 451, 'The live of your disc brake is over, you should change it', '2021-05-28 17:14:33', 1),
(29, 41, 452, 'Be careful the live of your biela is almost over', '2021-05-28 17:14:33', 1),
(30, 41, 454, 'The live of your disc brake is over, you should change it', '2021-05-28 17:14:33', 1),
(31, 41, 455, 'The live of your tyre is over, you should change it', '2021-05-28 17:14:33', 1),
(32, 41, 456, 'Be careful the live of your brake cable is almost over', '2021-05-28 17:14:33', 1),
(33, 41, 457, 'The live of your tyre is over, you should change it', '2021-05-28 17:14:33', 1),
(34, 41, 458, 'The live of your tyre is over, you should change it', '2021-05-28 17:14:33', 1),
(35, 41, 451, 'The live of your disc brake is over, you should change it', '2021-05-28 17:15:56', 1),
(36, 41, 452, 'The live of your biela is over, you should change it', '2021-05-28 17:15:56', 1),
(37, 41, 454, 'The live of your disc brake is over, you should change it', '2021-05-28 17:15:56', 1),
(38, 41, 455, 'The live of your tyre is over, you should change it', '2021-05-28 17:15:56', 1),
(39, 41, 456, 'The live of your brake cable is over, you should change it', '2021-05-28 17:15:56', 1),
(40, 41, 457, 'The live of your tyre is over, you should change it', '2021-05-28 17:15:56', 1),
(41, 41, 458, 'The live of your tyre is over, you should change it', '2021-05-28 17:15:56', 1),
(42, 41, 451, 'The live of your disc brake is over, you should change it', '2021-05-28 17:16:18', 1),
(43, 41, 452, 'The live of your biela is over, you should change it', '2021-05-28 17:16:18', 1),
(44, 41, 454, 'The live of your disc brake is over, you should change it', '2021-05-28 17:16:18', 1),
(45, 41, 455, 'The live of your tyre is over, you should change it', '2021-05-28 17:16:18', 1),
(46, 41, 456, 'The live of your brake cable is over, you should change it', '2021-05-28 17:16:18', 1),
(47, 41, 457, 'The live of your tyre is over, you should change it', '2021-05-28 17:16:18', 1),
(48, 41, 458, 'The live of your tyre is over, you should change it', '2021-05-28 17:16:18', 1),
(49, 41, 451, 'The live of your disc brake is over, you should change it', '2021-05-28 17:21:37', 1),
(50, 41, 452, 'The live of your biela is over, you should change it', '2021-05-28 17:21:37', 1),
(51, 41, 453, 'Be careful the live of your llanta is almost over', '2021-05-28 17:21:37', 1),
(52, 41, 454, 'The live of your disc brake is over, you should change it', '2021-05-28 17:21:37', 1),
(53, 41, 455, 'The live of your tyre is over, you should change it', '2021-05-28 17:21:37', 1),
(54, 41, 456, 'The live of your brake cable is over, you should change it', '2021-05-28 17:21:37', 1),
(55, 41, 457, 'The live of your tyre is over, you should change it', '2021-05-28 17:21:37', 1),
(56, 41, 458, 'The live of your tyre is over, you should change it', '2021-05-28 17:21:37', 1),
(57, 43, 470, 'Be careful the live of your tyre is almost over', '2021-05-29 14:22:28', 0),
(58, 43, 471, 'Be careful the live of your tyre is almost over', '2021-05-29 14:22:28', 0),
(59, 43, 472, 'The live of your tyre is over, you should change it', '2021-05-29 14:22:28', 0),
(60, 43, 473, 'The live of your tyre is over, you should change it', '2021-05-29 14:22:28', 0),
(61, 44, 475, 'The live of your Chain is over, you should change it', '2021-05-29 14:38:20', 1),
(62, 44, 483, 'The live of your tyre is over, you should change it', '2021-05-29 14:38:20', 1),
(63, 44, 484, 'The live of your disc brake is over, you should change it', '2021-05-29 14:38:20', 1),
(64, 44, 485, 'The live of your tyre is over, you should change it', '2021-05-29 14:38:20', 1);

-- --------------------------------------------------------

--
-- Estructura de tabla para la tabla `userbikecomponents`
--

DROP TABLE IF EXISTS `userbikecomponents`;
CREATE TABLE IF NOT EXISTS `userbikecomponents` (
  `id` int(11) NOT NULL AUTO_INCREMENT,
  `idBike` int(11) NOT NULL,
  `idComponent` int(11) NOT NULL,
  `currentKms` int(11) DEFAULT '0',
  `createdDate` datetime NOT NULL DEFAULT CURRENT_TIMESTAMP,
  `updatedDate` datetime NOT NULL DEFAULT CURRENT_TIMESTAMP,
  `isSet` tinyint(1) NOT NULL DEFAULT '1',
  `position` varchar(20) DEFAULT NULL,
  PRIMARY KEY (`id`),
  KEY `idBike` (`idBike`),
  KEY `idComponent` (`idComponent`)
) ENGINE=MyISAM AUTO_INCREMENT=486 DEFAULT CHARSET=latin1;

--
-- Volcado de datos para la tabla `userbikecomponents`
--

INSERT INTO `userbikecomponents` (`id`, `idBike`, `idComponent`, `currentKms`, `createdDate`, `updatedDate`, `isSet`, `position`) VALUES
(2, 26, 2, 5000, '2021-05-18 16:36:40', '2021-05-18 16:36:40', 1, NULL),
(3, 26, 2, 0, '2021-05-18 16:46:39', '2021-05-18 16:46:39', 1, NULL),
(4, 26, 2, 0, '2021-05-18 16:47:14', '2021-05-18 16:47:14', 1, NULL),
(5, 23, 3, 5090, '2021-05-18 17:09:53', '2021-05-18 17:09:53', 1, 'izquierda'),
(6, 23, 2, 5090, '2021-05-18 17:26:10', '2021-05-18 17:26:10', 1, 'front'),
(7, 23, 3, 2500, '2021-05-19 14:42:59', '2021-05-19 14:42:59', 1, 'forward'),
(8, 328, 2, 0, '2021-05-26 15:15:28', '2021-05-26 15:15:28', 1, NULL),
(9, 329, 2, 0, '2021-05-26 15:16:46', '2021-05-26 15:16:46', 1, NULL),
(10, 329, 5, 0, '2021-05-26 15:16:46', '2021-05-26 15:16:46', 1, NULL),
(11, 329, 2, 0, '2021-05-26 15:16:46', '2021-05-26 15:16:46', 1, NULL),
(12, 329, 4, 0, '2021-05-26 15:16:46', '2021-05-26 15:16:46', 1, NULL),
(13, 329, 5, 0, '2021-05-26 15:16:46', '2021-05-26 15:16:46', 1, NULL),
(14, 329, 2, 0, '2021-05-26 15:16:46', '2021-05-26 15:16:46', 1, NULL),
(15, 329, 4, 0, '2021-05-26 15:16:46', '2021-05-26 15:16:46', 1, NULL),
(16, 329, 5, 0, '2021-05-26 15:16:46', '2021-05-26 15:16:46', 1, NULL),
(17, 329, 4, 0, '2021-05-26 15:16:46', '2021-05-26 15:16:46', 1, NULL),
(18, 350, 4, 0, '2021-05-26 17:09:14', '2021-05-26 17:09:14', 1, NULL),
(19, 350, 4, 0, '2021-05-26 17:09:14', '2021-05-26 17:09:14', 1, NULL),
(20, 350, 5, 0, '2021-05-26 17:09:14', '2021-05-26 17:09:14', 1, NULL),
(21, 350, 6, 0, '2021-05-26 17:09:14', '2021-05-26 17:09:14', 1, NULL),
(22, 350, 3, 0, '2021-05-26 17:09:14', '2021-05-26 17:09:14', 1, NULL),
(23, 350, 2, 0, '2021-05-26 17:09:14', '2021-05-26 17:09:14', 1, NULL),
(24, 350, 6, 0, '2021-05-26 17:09:14', '2021-05-26 17:09:14', 1, NULL),
(25, 350, 5, 0, '2021-05-26 17:09:14', '2021-05-26 17:09:14', 1, NULL),
(26, 350, 4, 0, '2021-05-26 17:09:14', '2021-05-26 17:09:14', 1, NULL),
(27, 350, 5, 0, '2021-05-26 17:09:14', '2021-05-26 17:09:14', 1, NULL),
(28, 350, 6, 0, '2021-05-26 17:09:14', '2021-05-26 17:09:14', 1, NULL),
(29, 350, 6, 0, '2021-05-26 17:09:14', '2021-05-26 17:09:14', 1, NULL),
(30, 350, 3, 0, '2021-05-26 17:09:14', '2021-05-26 17:09:14', 1, NULL),
(31, 350, 2, 0, '2021-05-26 17:09:14', '2021-05-26 17:09:14', 1, NULL),
(32, 350, 3, 0, '2021-05-26 17:09:14', '2021-05-26 17:09:14', 1, NULL),
(33, 350, 2, 0, '2021-05-26 17:09:14', '2021-05-26 17:09:14', 1, NULL),
(34, 350, 6, 0, '2021-05-26 17:09:14', '2021-05-26 17:09:14', 1, NULL),
(35, 350, 6, 0, '2021-05-26 17:09:14', '2021-05-26 17:09:14', 1, NULL),
(36, 350, 4, 0, '2021-05-26 17:09:14', '2021-05-26 17:09:14', 1, NULL),
(37, 350, 5, 0, '2021-05-26 17:09:14', '2021-05-26 17:09:14', 1, NULL),
(38, 350, 6, 0, '2021-05-26 17:09:14', '2021-05-26 17:09:14', 1, NULL),
(39, 350, 3, 0, '2021-05-26 17:09:14', '2021-05-26 17:09:14', 1, NULL),
(40, 350, 2, 0, '2021-05-26 17:09:14', '2021-05-26 17:09:14', 1, NULL),
(41, 350, 6, 0, '2021-05-26 17:09:14', '2021-05-26 17:09:14', 1, NULL),
(42, 350, 4, 0, '2021-05-26 17:09:14', '2021-05-26 17:09:14', 1, NULL),
(43, 350, 5, 0, '2021-05-26 17:09:14', '2021-05-26 17:09:14', 1, NULL),
(44, 350, 6, 0, '2021-05-26 17:09:14', '2021-05-26 17:09:14', 1, NULL),
(45, 350, 3, 0, '2021-05-26 17:09:14', '2021-05-26 17:09:14', 1, NULL),
(46, 350, 2, 0, '2021-05-26 17:09:14', '2021-05-26 17:09:14', 1, NULL),
(47, 350, 6, 0, '2021-05-26 17:09:14', '2021-05-26 17:09:14', 1, NULL),
(48, 350, 4, 0, '2021-05-26 17:09:14', '2021-05-26 17:09:14', 1, NULL),
(49, 350, 5, 0, '2021-05-26 17:09:14', '2021-05-26 17:09:14', 1, NULL),
(50, 350, 6, 0, '2021-05-26 17:09:14', '2021-05-26 17:09:14', 1, NULL),
(51, 350, 3, 0, '2021-05-26 17:09:14', '2021-05-26 17:09:14', 1, NULL),
(52, 350, 2, 0, '2021-05-26 17:09:14', '2021-05-26 17:09:14', 1, NULL),
(53, 350, 6, 0, '2021-05-26 17:09:14', '2021-05-26 17:09:14', 1, NULL),
(54, 351, 3, 0, '2021-05-26 17:47:05', '2021-05-26 17:47:05', 1, NULL),
(55, 351, 2, 0, '2021-05-26 17:47:05', '2021-05-26 17:47:05', 1, NULL),
(56, 351, 7, 0, '2021-05-26 17:47:05', '2021-05-26 17:47:05', 1, NULL),
(57, 351, 3, 0, '2021-05-26 17:47:05', '2021-05-26 17:47:05', 1, NULL),
(58, 351, 2, 0, '2021-05-26 17:47:05', '2021-05-26 17:47:05', 1, NULL),
(59, 351, 7, 0, '2021-05-26 17:47:05', '2021-05-26 17:47:05', 1, NULL),
(60, 351, 3, 0, '2021-05-26 17:47:05', '2021-05-26 17:47:05', 1, NULL),
(61, 351, 2, 0, '2021-05-26 17:47:05', '2021-05-26 17:47:05', 1, NULL),
(62, 351, 7, 0, '2021-05-26 17:47:05', '2021-05-26 17:47:05', 1, NULL),
(63, 352, 2, 0, '2021-05-26 17:47:53', '2021-05-26 17:47:53', 1, NULL),
(64, 352, 5, 0, '2021-05-26 17:47:53', '2021-05-26 17:47:53', 1, NULL),
(65, 352, 4, 0, '2021-05-26 17:47:53', '2021-05-26 17:47:53', 1, NULL),
(66, 352, 4, 0, '2021-05-26 17:47:53', '2021-05-26 17:47:53', 1, NULL),
(67, 352, 5, 0, '2021-05-26 17:47:53', '2021-05-26 17:47:53', 1, NULL),
(68, 352, 5, 0, '2021-05-26 17:47:53', '2021-05-26 17:47:53', 1, NULL),
(69, 352, 3, 0, '2021-05-26 17:47:53', '2021-05-26 17:47:53', 1, NULL),
(70, 352, 3, 0, '2021-05-26 17:47:53', '2021-05-26 17:47:53', 1, NULL),
(71, 352, 3, 0, '2021-05-26 17:47:53', '2021-05-26 17:47:53', 1, NULL),
(72, 352, 4, 0, '2021-05-26 17:47:53', '2021-05-26 17:47:53', 1, NULL),
(73, 352, 7, 0, '2021-05-26 17:47:53', '2021-05-26 17:47:53', 1, NULL),
(74, 352, 6, 0, '2021-05-26 17:47:53', '2021-05-26 17:47:53', 1, NULL),
(75, 352, 2, 0, '2021-05-26 17:47:53', '2021-05-26 17:47:53', 1, NULL),
(76, 352, 6, 0, '2021-05-26 17:47:53', '2021-05-26 17:47:53', 1, NULL),
(77, 352, 7, 0, '2021-05-26 17:47:53', '2021-05-26 17:47:53', 1, NULL),
(78, 352, 7, 0, '2021-05-26 17:47:53', '2021-05-26 17:47:53', 1, NULL),
(79, 352, 6, 0, '2021-05-26 17:47:53', '2021-05-26 17:47:53', 1, NULL),
(80, 352, 7, 0, '2021-05-26 17:47:53', '2021-05-26 17:47:53', 1, NULL),
(81, 352, 5, 0, '2021-05-26 17:47:53', '2021-05-26 17:47:53', 1, NULL),
(82, 352, 4, 0, '2021-05-26 17:47:53', '2021-05-26 17:47:53', 1, NULL),
(83, 352, 7, 0, '2021-05-26 17:47:53', '2021-05-26 17:47:53', 1, NULL),
(84, 352, 4, 0, '2021-05-26 17:47:53', '2021-05-26 17:47:53', 1, NULL),
(85, 352, 5, 0, '2021-05-26 17:47:53', '2021-05-26 17:47:53', 1, NULL),
(86, 352, 5, 0, '2021-05-26 17:47:53', '2021-05-26 17:47:53', 1, NULL),
(87, 352, 3, 0, '2021-05-26 17:47:53', '2021-05-26 17:47:53', 1, NULL),
(88, 352, 3, 0, '2021-05-26 17:47:53', '2021-05-26 17:47:53', 1, NULL),
(89, 352, 3, 0, '2021-05-26 17:47:53', '2021-05-26 17:47:53', 1, NULL),
(90, 352, 4, 0, '2021-05-26 17:47:53', '2021-05-26 17:47:53', 1, NULL),
(91, 352, 7, 0, '2021-05-26 17:47:53', '2021-05-26 17:47:53', 1, NULL),
(92, 352, 6, 0, '2021-05-26 17:47:53', '2021-05-26 17:47:53', 1, NULL),
(93, 352, 2, 0, '2021-05-26 17:47:53', '2021-05-26 17:47:53', 1, NULL),
(94, 352, 7, 0, '2021-05-26 17:47:53', '2021-05-26 17:47:53', 1, NULL),
(95, 352, 7, 0, '2021-05-26 17:47:53', '2021-05-26 17:47:53', 1, NULL),
(96, 352, 6, 0, '2021-05-26 17:47:53', '2021-05-26 17:47:53', 1, NULL),
(97, 352, 5, 0, '2021-05-26 17:47:53', '2021-05-26 17:47:53', 1, NULL),
(98, 352, 4, 0, '2021-05-26 17:47:53', '2021-05-26 17:47:53', 1, NULL),
(99, 352, 4, 0, '2021-05-26 17:47:53', '2021-05-26 17:47:53', 1, NULL),
(100, 352, 5, 0, '2021-05-26 17:47:53', '2021-05-26 17:47:53', 1, NULL),
(101, 352, 5, 0, '2021-05-26 17:47:53', '2021-05-26 17:47:53', 1, NULL),
(102, 352, 3, 0, '2021-05-26 17:47:53', '2021-05-26 17:47:53', 1, NULL),
(103, 352, 3, 0, '2021-05-26 17:47:53', '2021-05-26 17:47:53', 1, NULL),
(104, 352, 3, 0, '2021-05-26 17:47:53', '2021-05-26 17:47:53', 1, NULL),
(105, 352, 4, 0, '2021-05-26 17:47:53', '2021-05-26 17:47:53', 1, NULL),
(106, 352, 7, 0, '2021-05-26 17:47:53', '2021-05-26 17:47:53', 1, NULL),
(107, 352, 6, 0, '2021-05-26 17:47:53', '2021-05-26 17:47:53', 1, NULL),
(108, 352, 2, 0, '2021-05-26 17:47:53', '2021-05-26 17:47:53', 1, NULL),
(109, 352, 7, 0, '2021-05-26 17:47:53', '2021-05-26 17:47:53', 1, NULL),
(110, 352, 7, 0, '2021-05-26 17:47:53', '2021-05-26 17:47:53', 1, NULL),
(111, 352, 6, 0, '2021-05-26 17:47:53', '2021-05-26 17:47:53', 1, NULL),
(112, 352, 5, 0, '2021-05-26 17:47:53', '2021-05-26 17:47:53', 1, NULL),
(113, 352, 4, 0, '2021-05-26 17:47:53', '2021-05-26 17:47:53', 1, NULL),
(114, 352, 4, 0, '2021-05-26 17:47:53', '2021-05-26 17:47:53', 1, NULL),
(115, 352, 5, 0, '2021-05-26 17:47:53', '2021-05-26 17:47:53', 1, NULL),
(116, 352, 5, 0, '2021-05-26 17:47:53', '2021-05-26 17:47:53', 1, NULL),
(117, 352, 3, 0, '2021-05-26 17:47:53', '2021-05-26 17:47:53', 1, NULL),
(118, 352, 3, 0, '2021-05-26 17:47:53', '2021-05-26 17:47:53', 1, NULL),
(119, 352, 3, 0, '2021-05-26 17:47:53', '2021-05-26 17:47:53', 1, NULL),
(120, 352, 4, 0, '2021-05-26 17:47:53', '2021-05-26 17:47:53', 1, NULL),
(121, 352, 7, 0, '2021-05-26 17:47:53', '2021-05-26 17:47:53', 1, NULL),
(122, 352, 6, 0, '2021-05-26 17:47:53', '2021-05-26 17:47:53', 1, NULL),
(123, 352, 2, 0, '2021-05-26 17:47:53', '2021-05-26 17:47:53', 1, NULL),
(124, 352, 7, 0, '2021-05-26 17:47:53', '2021-05-26 17:47:53', 1, NULL),
(125, 352, 7, 0, '2021-05-26 17:47:53', '2021-05-26 17:47:53', 1, NULL),
(126, 352, 6, 0, '2021-05-26 17:47:53', '2021-05-26 17:47:53', 1, NULL),
(127, 352, 5, 0, '2021-05-26 17:47:53', '2021-05-26 17:47:53', 1, NULL),
(128, 352, 4, 0, '2021-05-26 17:47:53', '2021-05-26 17:47:53', 1, NULL),
(129, 352, 4, 0, '2021-05-26 17:47:53', '2021-05-26 17:47:53', 1, NULL),
(130, 352, 5, 0, '2021-05-26 17:47:53', '2021-05-26 17:47:53', 1, NULL),
(131, 352, 5, 0, '2021-05-26 17:47:53', '2021-05-26 17:47:53', 1, NULL),
(132, 352, 3, 0, '2021-05-26 17:47:53', '2021-05-26 17:47:53', 1, NULL),
(133, 352, 3, 0, '2021-05-26 17:47:53', '2021-05-26 17:47:53', 1, NULL),
(134, 352, 3, 0, '2021-05-26 17:47:53', '2021-05-26 17:47:53', 1, NULL),
(135, 352, 4, 0, '2021-05-26 17:47:53', '2021-05-26 17:47:53', 1, NULL),
(136, 352, 7, 0, '2021-05-26 17:47:53', '2021-05-26 17:47:53', 1, NULL),
(137, 352, 6, 0, '2021-05-26 17:47:53', '2021-05-26 17:47:53', 1, NULL),
(138, 352, 2, 0, '2021-05-26 17:47:53', '2021-05-26 17:47:53', 1, NULL),
(139, 352, 7, 0, '2021-05-26 17:47:53', '2021-05-26 17:47:53', 1, NULL),
(140, 352, 7, 0, '2021-05-26 17:47:53', '2021-05-26 17:47:53', 1, NULL),
(141, 352, 6, 0, '2021-05-26 17:47:53', '2021-05-26 17:47:53', 1, NULL),
(142, 352, 5, 0, '2021-05-26 17:47:53', '2021-05-26 17:47:53', 1, NULL),
(143, 352, 4, 0, '2021-05-26 17:47:53', '2021-05-26 17:47:53', 1, NULL),
(144, 352, 4, 0, '2021-05-26 17:47:53', '2021-05-26 17:47:53', 1, NULL),
(145, 352, 5, 0, '2021-05-26 17:47:53', '2021-05-26 17:47:53', 1, NULL),
(146, 352, 5, 0, '2021-05-26 17:47:53', '2021-05-26 17:47:53', 1, NULL),
(147, 352, 3, 0, '2021-05-26 17:47:53', '2021-05-26 17:47:53', 1, NULL),
(148, 352, 3, 0, '2021-05-26 17:47:53', '2021-05-26 17:47:53', 1, NULL),
(149, 352, 3, 0, '2021-05-26 17:47:53', '2021-05-26 17:47:53', 1, NULL),
(150, 352, 4, 0, '2021-05-26 17:47:53', '2021-05-26 17:47:53', 1, NULL),
(151, 352, 7, 0, '2021-05-26 17:47:53', '2021-05-26 17:47:53', 1, NULL),
(152, 352, 6, 0, '2021-05-26 17:47:53', '2021-05-26 17:47:53', 1, NULL),
(153, 352, 2, 0, '2021-05-26 17:47:53', '2021-05-26 17:47:53', 1, NULL),
(154, 352, 7, 0, '2021-05-26 17:47:53', '2021-05-26 17:47:53', 1, NULL),
(155, 352, 7, 0, '2021-05-26 17:47:53', '2021-05-26 17:47:53', 1, NULL),
(156, 352, 6, 0, '2021-05-26 17:47:53', '2021-05-26 17:47:53', 1, NULL),
(157, 352, 5, 0, '2021-05-26 17:47:53', '2021-05-26 17:47:53', 1, NULL),
(158, 352, 4, 0, '2021-05-26 17:47:53', '2021-05-26 17:47:53', 1, NULL),
(159, 352, 4, 0, '2021-05-26 17:47:53', '2021-05-26 17:47:53', 1, NULL),
(160, 352, 5, 0, '2021-05-26 17:47:53', '2021-05-26 17:47:53', 1, NULL),
(161, 352, 5, 0, '2021-05-26 17:47:53', '2021-05-26 17:47:53', 1, NULL),
(162, 352, 3, 0, '2021-05-26 17:47:53', '2021-05-26 17:47:53', 1, NULL),
(163, 352, 3, 0, '2021-05-26 17:47:53', '2021-05-26 17:47:53', 1, NULL),
(164, 352, 3, 0, '2021-05-26 17:47:53', '2021-05-26 17:47:53', 1, NULL),
(165, 352, 4, 0, '2021-05-26 17:47:53', '2021-05-26 17:47:53', 1, NULL),
(166, 352, 7, 0, '2021-05-26 17:47:53', '2021-05-26 17:47:53', 1, NULL),
(167, 352, 6, 0, '2021-05-26 17:47:53', '2021-05-26 17:47:53', 1, NULL),
(168, 352, 2, 0, '2021-05-26 17:47:53', '2021-05-26 17:47:53', 1, NULL),
(169, 352, 7, 0, '2021-05-26 17:47:53', '2021-05-26 17:47:53', 1, NULL),
(170, 352, 7, 0, '2021-05-26 17:47:53', '2021-05-26 17:47:53', 1, NULL),
(171, 352, 6, 0, '2021-05-26 17:47:53', '2021-05-26 17:47:53', 1, NULL),
(172, 352, 5, 0, '2021-05-26 17:47:53', '2021-05-26 17:47:53', 1, NULL),
(173, 352, 4, 0, '2021-05-26 17:47:53', '2021-05-26 17:47:53', 1, NULL),
(174, 352, 4, 0, '2021-05-26 17:47:53', '2021-05-26 17:47:53', 1, NULL),
(175, 352, 5, 0, '2021-05-26 17:47:53', '2021-05-26 17:47:53', 1, NULL),
(176, 352, 5, 0, '2021-05-26 17:47:53', '2021-05-26 17:47:53', 1, NULL),
(177, 352, 3, 0, '2021-05-26 17:47:53', '2021-05-26 17:47:53', 1, NULL),
(178, 352, 3, 0, '2021-05-26 17:47:53', '2021-05-26 17:47:53', 1, NULL),
(179, 352, 3, 0, '2021-05-26 17:47:53', '2021-05-26 17:47:53', 1, NULL),
(180, 352, 4, 0, '2021-05-26 17:47:53', '2021-05-26 17:47:53', 1, NULL),
(181, 352, 7, 0, '2021-05-26 17:47:53', '2021-05-26 17:47:53', 1, NULL),
(182, 352, 6, 0, '2021-05-26 17:47:53', '2021-05-26 17:47:53', 1, NULL),
(183, 352, 2, 0, '2021-05-26 17:47:53', '2021-05-26 17:47:53', 1, NULL),
(184, 352, 7, 0, '2021-05-26 17:47:53', '2021-05-26 17:47:53', 1, NULL),
(185, 352, 7, 0, '2021-05-26 17:47:53', '2021-05-26 17:47:53', 1, NULL),
(186, 352, 6, 0, '2021-05-26 17:47:53', '2021-05-26 17:47:53', 1, NULL),
(187, 352, 5, 0, '2021-05-26 17:47:53', '2021-05-26 17:47:53', 1, NULL),
(188, 352, 4, 0, '2021-05-26 17:47:53', '2021-05-26 17:47:53', 1, NULL),
(189, 352, 4, 0, '2021-05-26 17:47:53', '2021-05-26 17:47:53', 1, NULL),
(190, 352, 5, 0, '2021-05-26 17:47:53', '2021-05-26 17:47:53', 1, NULL),
(191, 352, 5, 0, '2021-05-26 17:47:53', '2021-05-26 17:47:53', 1, NULL),
(192, 352, 3, 0, '2021-05-26 17:47:53', '2021-05-26 17:47:53', 1, NULL),
(193, 352, 3, 0, '2021-05-26 17:47:53', '2021-05-26 17:47:53', 1, NULL),
(194, 352, 3, 0, '2021-05-26 17:47:53', '2021-05-26 17:47:53', 1, NULL),
(195, 352, 4, 0, '2021-05-26 17:47:53', '2021-05-26 17:47:53', 1, NULL),
(196, 352, 7, 0, '2021-05-26 17:47:53', '2021-05-26 17:47:53', 1, NULL),
(197, 352, 6, 0, '2021-05-26 17:47:53', '2021-05-26 17:47:53', 1, NULL),
(198, 352, 2, 0, '2021-05-26 17:47:53', '2021-05-26 17:47:53', 1, NULL),
(199, 352, 7, 0, '2021-05-26 17:47:53', '2021-05-26 17:47:53', 1, NULL),
(200, 352, 7, 0, '2021-05-26 17:47:53', '2021-05-26 17:47:53', 1, NULL),
(201, 352, 6, 0, '2021-05-26 17:47:53', '2021-05-26 17:47:53', 1, NULL),
(202, 352, 5, 0, '2021-05-26 17:47:53', '2021-05-26 17:47:53', 1, NULL),
(203, 352, 4, 0, '2021-05-26 17:47:53', '2021-05-26 17:47:53', 1, NULL),
(204, 352, 4, 0, '2021-05-26 17:47:53', '2021-05-26 17:47:53', 1, NULL),
(205, 352, 5, 0, '2021-05-26 17:47:53', '2021-05-26 17:47:53', 1, NULL),
(206, 352, 5, 0, '2021-05-26 17:47:53', '2021-05-26 17:47:53', 1, NULL),
(207, 352, 3, 0, '2021-05-26 17:47:53', '2021-05-26 17:47:53', 1, NULL),
(208, 352, 3, 0, '2021-05-26 17:47:53', '2021-05-26 17:47:53', 1, NULL),
(209, 352, 3, 0, '2021-05-26 17:47:53', '2021-05-26 17:47:53', 1, NULL),
(210, 352, 4, 0, '2021-05-26 17:47:53', '2021-05-26 17:47:53', 1, NULL),
(211, 352, 7, 0, '2021-05-26 17:47:53', '2021-05-26 17:47:53', 1, NULL),
(212, 352, 6, 0, '2021-05-26 17:47:53', '2021-05-26 17:47:53', 1, NULL),
(213, 352, 2, 0, '2021-05-26 17:47:53', '2021-05-26 17:47:53', 1, NULL),
(214, 352, 7, 0, '2021-05-26 17:47:53', '2021-05-26 17:47:53', 1, NULL),
(215, 352, 7, 0, '2021-05-26 17:47:53', '2021-05-26 17:47:53', 1, NULL),
(216, 352, 6, 0, '2021-05-26 17:47:53', '2021-05-26 17:47:53', 1, NULL),
(217, 352, 5, 0, '2021-05-26 17:47:53', '2021-05-26 17:47:53', 1, NULL),
(218, 352, 4, 0, '2021-05-26 17:47:53', '2021-05-26 17:47:53', 1, NULL),
(219, 352, 4, 0, '2021-05-26 17:47:53', '2021-05-26 17:47:53', 1, NULL),
(220, 352, 5, 0, '2021-05-26 17:47:53', '2021-05-26 17:47:53', 1, NULL),
(221, 352, 5, 0, '2021-05-26 17:47:53', '2021-05-26 17:47:53', 1, NULL),
(222, 352, 3, 0, '2021-05-26 17:47:53', '2021-05-26 17:47:53', 1, NULL),
(223, 352, 3, 0, '2021-05-26 17:47:53', '2021-05-26 17:47:53', 1, NULL),
(224, 352, 3, 0, '2021-05-26 17:47:53', '2021-05-26 17:47:53', 1, NULL),
(225, 352, 4, 0, '2021-05-26 17:47:53', '2021-05-26 17:47:53', 1, NULL),
(226, 352, 7, 0, '2021-05-26 17:47:53', '2021-05-26 17:47:53', 1, NULL),
(227, 352, 6, 0, '2021-05-26 17:47:53', '2021-05-26 17:47:53', 1, NULL),
(228, 352, 2, 0, '2021-05-26 17:47:53', '2021-05-26 17:47:53', 1, NULL),
(229, 352, 7, 0, '2021-05-26 17:47:53', '2021-05-26 17:47:53', 1, NULL),
(230, 352, 7, 0, '2021-05-26 17:47:53', '2021-05-26 17:47:53', 1, NULL),
(231, 352, 6, 0, '2021-05-26 17:47:53', '2021-05-26 17:47:53', 1, NULL),
(232, 352, 5, 0, '2021-05-26 17:47:53', '2021-05-26 17:47:53', 1, NULL),
(233, 352, 4, 0, '2021-05-26 17:47:53', '2021-05-26 17:47:53', 1, NULL),
(234, 352, 4, 0, '2021-05-26 17:47:53', '2021-05-26 17:47:53', 1, NULL),
(235, 352, 5, 0, '2021-05-26 17:47:53', '2021-05-26 17:47:53', 1, NULL),
(236, 352, 5, 0, '2021-05-26 17:47:53', '2021-05-26 17:47:53', 1, NULL),
(237, 352, 3, 0, '2021-05-26 17:47:53', '2021-05-26 17:47:53', 1, NULL),
(238, 352, 3, 0, '2021-05-26 17:47:53', '2021-05-26 17:47:53', 1, NULL),
(239, 352, 3, 0, '2021-05-26 17:47:53', '2021-05-26 17:47:53', 1, NULL),
(240, 352, 4, 0, '2021-05-26 17:47:53', '2021-05-26 17:47:53', 1, NULL),
(241, 352, 7, 0, '2021-05-26 17:47:53', '2021-05-26 17:47:53', 1, NULL),
(242, 352, 6, 0, '2021-05-26 17:47:53', '2021-05-26 17:47:53', 1, NULL),
(243, 352, 2, 0, '2021-05-26 17:47:53', '2021-05-26 17:47:53', 1, NULL),
(244, 352, 7, 0, '2021-05-26 17:47:53', '2021-05-26 17:47:53', 1, NULL),
(245, 352, 7, 0, '2021-05-26 17:47:53', '2021-05-26 17:47:53', 1, NULL),
(246, 352, 6, 0, '2021-05-26 17:47:53', '2021-05-26 17:47:53', 1, NULL),
(247, 352, 5, 0, '2021-05-26 17:47:53', '2021-05-26 17:47:53', 1, NULL),
(248, 352, 4, 0, '2021-05-26 17:47:53', '2021-05-26 17:47:53', 1, NULL),
(249, 352, 4, 0, '2021-05-26 17:47:53', '2021-05-26 17:47:53', 1, NULL),
(250, 352, 5, 0, '2021-05-26 17:47:53', '2021-05-26 17:47:53', 1, NULL),
(251, 352, 5, 0, '2021-05-26 17:47:53', '2021-05-26 17:47:53', 1, NULL),
(252, 352, 3, 0, '2021-05-26 17:47:53', '2021-05-26 17:47:53', 1, NULL),
(253, 352, 3, 0, '2021-05-26 17:47:53', '2021-05-26 17:47:53', 1, NULL),
(254, 352, 3, 0, '2021-05-26 17:47:53', '2021-05-26 17:47:53', 1, NULL),
(255, 352, 4, 0, '2021-05-26 17:47:53', '2021-05-26 17:47:53', 1, NULL),
(256, 352, 7, 0, '2021-05-26 17:47:53', '2021-05-26 17:47:53', 1, NULL),
(257, 352, 6, 0, '2021-05-26 17:47:53', '2021-05-26 17:47:53', 1, NULL),
(258, 352, 2, 0, '2021-05-26 17:47:53', '2021-05-26 17:47:53', 1, NULL),
(259, 352, 7, 0, '2021-05-26 17:47:53', '2021-05-26 17:47:53', 1, NULL),
(260, 352, 7, 0, '2021-05-26 17:47:53', '2021-05-26 17:47:53', 1, NULL),
(261, 352, 6, 0, '2021-05-26 17:47:53', '2021-05-26 17:47:53', 1, NULL),
(262, 352, 5, 0, '2021-05-26 17:47:53', '2021-05-26 17:47:53', 1, NULL),
(263, 352, 4, 0, '2021-05-26 17:47:53', '2021-05-26 17:47:53', 1, NULL),
(264, 352, 4, 0, '2021-05-26 17:47:53', '2021-05-26 17:47:53', 1, NULL),
(265, 352, 5, 0, '2021-05-26 17:47:53', '2021-05-26 17:47:53', 1, NULL),
(266, 352, 5, 0, '2021-05-26 17:47:53', '2021-05-26 17:47:53', 1, NULL),
(267, 352, 3, 0, '2021-05-26 17:47:53', '2021-05-26 17:47:53', 1, NULL),
(268, 352, 3, 0, '2021-05-26 17:47:53', '2021-05-26 17:47:53', 1, NULL),
(269, 352, 3, 0, '2021-05-26 17:47:53', '2021-05-26 17:47:53', 1, NULL),
(270, 352, 4, 0, '2021-05-26 17:47:53', '2021-05-26 17:47:53', 1, NULL),
(271, 352, 7, 0, '2021-05-26 17:47:53', '2021-05-26 17:47:53', 1, NULL),
(272, 352, 6, 0, '2021-05-26 17:47:53', '2021-05-26 17:47:53', 1, NULL),
(273, 352, 2, 0, '2021-05-26 17:47:53', '2021-05-26 17:47:53', 1, NULL),
(274, 352, 7, 0, '2021-05-26 17:47:53', '2021-05-26 17:47:53', 1, NULL),
(275, 352, 7, 0, '2021-05-26 17:47:53', '2021-05-26 17:47:53', 1, NULL),
(276, 352, 6, 0, '2021-05-26 17:47:53', '2021-05-26 17:47:53', 1, NULL),
(277, 352, 5, 0, '2021-05-26 17:47:53', '2021-05-26 17:47:53', 1, NULL),
(278, 352, 4, 0, '2021-05-26 17:47:53', '2021-05-26 17:47:53', 1, NULL),
(279, 352, 4, 0, '2021-05-26 17:47:53', '2021-05-26 17:47:53', 1, NULL),
(280, 352, 5, 0, '2021-05-26 17:47:53', '2021-05-26 17:47:53', 1, NULL),
(281, 352, 5, 0, '2021-05-26 17:47:53', '2021-05-26 17:47:53', 1, NULL),
(282, 352, 3, 0, '2021-05-26 17:47:53', '2021-05-26 17:47:53', 1, NULL),
(283, 352, 3, 0, '2021-05-26 17:47:53', '2021-05-26 17:47:53', 1, NULL),
(284, 352, 3, 0, '2021-05-26 17:47:53', '2021-05-26 17:47:53', 1, NULL),
(285, 352, 4, 0, '2021-05-26 17:47:53', '2021-05-26 17:47:53', 1, NULL),
(286, 352, 7, 0, '2021-05-26 17:47:53', '2021-05-26 17:47:53', 1, NULL),
(287, 352, 6, 0, '2021-05-26 17:47:53', '2021-05-26 17:47:53', 1, NULL),
(288, 353, 3, 0, '2021-05-26 18:43:08', '2021-05-26 18:43:08', 1, NULL),
(289, 353, 7, 0, '2021-05-26 18:43:08', '2021-05-26 18:43:08', 1, NULL),
(290, 353, 3, 0, '2021-05-26 18:43:08', '2021-05-26 18:43:08', 1, NULL),
(291, 353, 4, 0, '2021-05-26 18:43:08', '2021-05-26 18:43:08', 1, NULL),
(292, 353, 5, 0, '2021-05-26 18:43:08', '2021-05-26 18:43:08', 1, NULL),
(293, 353, 6, 0, '2021-05-26 18:43:08', '2021-05-26 18:43:08', 1, NULL),
(294, 353, 7, 0, '2021-05-26 18:43:08', '2021-05-26 18:43:08', 1, NULL),
(295, 353, 3, 0, '2021-05-26 18:43:08', '2021-05-26 18:43:08', 1, NULL),
(296, 353, 4, 0, '2021-05-26 18:43:08', '2021-05-26 18:43:08', 1, NULL),
(297, 353, 5, 0, '2021-05-26 18:43:08', '2021-05-26 18:43:08', 1, NULL),
(298, 353, 6, 0, '2021-05-26 18:43:08', '2021-05-26 18:43:08', 1, NULL),
(299, 353, 7, 0, '2021-05-26 18:43:08', '2021-05-26 18:43:08', 1, NULL),
(300, 353, 3, 0, '2021-05-26 18:43:08', '2021-05-26 18:43:08', 1, NULL),
(301, 353, 6, 0, '2021-05-26 18:43:08', '2021-05-26 18:43:08', 1, NULL),
(302, 353, 4, 0, '2021-05-26 18:43:08', '2021-05-26 18:43:08', 1, NULL),
(303, 353, 5, 0, '2021-05-26 18:43:08', '2021-05-26 18:43:08', 1, NULL),
(304, 353, 6, 0, '2021-05-26 18:43:08', '2021-05-26 18:43:08', 1, NULL),
(305, 353, 4, 0, '2021-05-26 18:43:08', '2021-05-26 18:43:08', 1, NULL),
(306, 353, 7, 0, '2021-05-26 18:43:08', '2021-05-26 18:43:08', 1, NULL),
(307, 353, 3, 0, '2021-05-26 18:43:08', '2021-05-26 18:43:08', 1, NULL),
(308, 353, 5, 0, '2021-05-26 18:43:08', '2021-05-26 18:43:08', 1, NULL),
(309, 353, 4, 0, '2021-05-26 18:43:08', '2021-05-26 18:43:08', 1, NULL),
(310, 353, 5, 0, '2021-05-26 18:43:08', '2021-05-26 18:43:08', 1, NULL),
(311, 353, 6, 0, '2021-05-26 18:43:08', '2021-05-26 18:43:08', 1, NULL),
(312, 353, 7, 0, '2021-05-26 18:43:08', '2021-05-26 18:43:08', 1, NULL),
(313, 354, 4, 0, '2021-05-26 18:45:39', '2021-05-26 18:45:39', 1, NULL),
(314, 354, 4, 0, '2021-05-26 18:45:39', '2021-05-26 18:45:39', 1, NULL),
(315, 354, 4, 0, '2021-05-26 18:45:39', '2021-05-26 18:45:39', 1, NULL),
(316, 354, 4, 0, '2021-05-26 18:45:39', '2021-05-26 18:45:39', 1, NULL),
(317, 355, 6, 0, '2021-05-26 18:47:51', '2021-05-26 18:47:51', 1, NULL),
(318, 355, 6, 0, '2021-05-26 18:47:51', '2021-05-26 18:47:51', 1, NULL),
(319, 355, 6, 0, '2021-05-26 18:47:51', '2021-05-26 18:47:51', 1, NULL),
(320, 355, 6, 0, '2021-05-26 18:47:51', '2021-05-26 18:47:51', 1, NULL),
(321, 355, 6, 0, '2021-05-26 18:47:51', '2021-05-26 18:47:51', 1, NULL),
(322, 355, 6, 0, '2021-05-26 18:47:51', '2021-05-26 18:47:51', 1, NULL),
(323, 355, 6, 0, '2021-05-26 18:47:51', '2021-05-26 18:47:51', 1, NULL),
(324, 355, 6, 0, '2021-05-26 18:47:51', '2021-05-26 18:47:51', 1, NULL),
(325, 355, 6, 0, '2021-05-26 18:47:51', '2021-05-26 18:47:51', 1, NULL),
(326, 356, 4, 0, '2021-05-26 18:49:44', '2021-05-26 18:49:44', 1, NULL),
(327, 356, 6, 0, '2021-05-26 18:49:44', '2021-05-26 18:49:44', 1, NULL),
(328, 356, 4, 0, '2021-05-26 18:49:44', '2021-05-26 18:49:44', 1, NULL),
(329, 356, 5, 0, '2021-05-26 18:49:44', '2021-05-26 18:49:44', 1, NULL),
(330, 356, 6, 0, '2021-05-26 18:49:44', '2021-05-26 18:49:44', 1, NULL),
(331, 356, 4, 0, '2021-05-26 18:49:44', '2021-05-26 18:49:44', 1, NULL),
(332, 356, 5, 0, '2021-05-26 18:49:44', '2021-05-26 18:49:44', 1, NULL),
(333, 356, 6, 0, '2021-05-26 18:49:44', '2021-05-26 18:49:44', 1, NULL),
(334, 356, 5, 0, '2021-05-26 18:49:44', '2021-05-26 18:49:44', 1, NULL),
(335, 408, 3, 0, '2021-05-27 12:16:16', '2021-05-27 12:16:16', 1, NULL),
(336, 408, 4, 0, '2021-05-27 12:16:16', '2021-05-27 12:16:16', 1, NULL),
(337, 408, 4, 0, '2021-05-27 12:16:16', '2021-05-27 12:16:16', 1, NULL),
(338, 408, 6, 0, '2021-05-27 12:16:16', '2021-05-27 12:16:16', 1, NULL),
(339, 408, 5, 0, '2021-05-27 12:16:16', '2021-05-27 12:16:16', 1, NULL),
(340, 408, 7, 0, '2021-05-27 12:16:16', '2021-05-27 12:16:16', 1, NULL),
(341, 408, 7, 0, '2021-05-27 12:16:16', '2021-05-27 12:16:16', 1, NULL),
(342, 409, 2, 0, '2021-05-27 12:19:51', '2021-05-27 12:19:51', 1, NULL),
(343, 409, 6, 0, '2021-05-27 12:19:51', '2021-05-27 12:19:51', 1, NULL),
(344, 409, 7, 0, '2021-05-27 12:19:51', '2021-05-27 12:19:51', 1, NULL),
(345, 409, 7, 0, '2021-05-27 12:19:51', '2021-05-27 12:19:51', 1, NULL),
(346, 409, 5, 0, '2021-05-27 12:19:51', '2021-05-27 12:19:51', 1, NULL),
(347, 409, 3, 0, '2021-05-27 12:19:51', '2021-05-27 12:19:51', 1, NULL),
(348, 409, 4, 0, '2021-05-27 12:19:51', '2021-05-27 12:19:51', 1, NULL),
(349, 410, 4, 0, '2021-05-27 12:21:01', '2021-05-27 12:21:01', 1, NULL),
(350, 410, 7, 0, '2021-05-27 12:21:01', '2021-05-27 12:21:01', 1, NULL),
(351, 410, 7, 0, '2021-05-27 12:21:01', '2021-05-27 12:21:01', 1, NULL),
(352, 410, 6, 0, '2021-05-27 12:21:01', '2021-05-27 12:21:01', 1, NULL),
(353, 410, 5, 0, '2021-05-27 12:21:01', '2021-05-27 12:21:01', 1, NULL),
(354, 430, 2, 0, '2021-05-27 16:27:55', '2021-05-27 16:27:55', 1, NULL),
(355, 430, 2, 0, '2021-05-27 16:27:59', '2021-05-27 16:27:59', 1, NULL),
(356, 430, 2, 0, '2021-05-27 16:28:00', '2021-05-27 16:28:00', 1, NULL),
(357, 430, 2, 0, '2021-05-27 16:28:01', '2021-05-27 16:28:01', 1, NULL),
(358, 430, 2, 0, '2021-05-27 16:28:02', '2021-05-27 16:28:02', 1, NULL),
(359, 431, 4, 0, '2021-05-27 16:39:42', '2021-05-27 16:39:42', 1, NULL),
(360, 431, 4, 0, '2021-05-27 16:39:42', '2021-05-27 16:39:42', 1, NULL),
(361, 431, 4, 0, '2021-05-27 16:39:42', '2021-05-27 16:39:42', 1, NULL),
(362, 433, 4, 0, '2021-05-27 16:45:28', '2021-05-27 16:45:28', 1, NULL),
(363, 433, 5, 0, '2021-05-27 16:45:35', '2021-05-27 16:45:35', 1, NULL),
(364, 433, 6, 0, '2021-05-27 16:45:51', '2021-05-27 16:45:51', 1, NULL),
(365, 433, 7, 0, '2021-05-27 16:45:52', '2021-05-27 16:45:52', 1, NULL),
(366, 433, 2, 0, '2021-05-27 16:45:53', '2021-05-27 16:45:53', 1, NULL),
(367, 433, 3, 0, '2021-05-27 16:45:54', '2021-05-27 16:45:54', 1, NULL),
(368, 433, 3, 0, '2021-05-27 16:45:55', '2021-05-27 16:45:55', 1, NULL),
(369, 433, 4, 0, '2021-05-27 16:45:56', '2021-05-27 16:45:56', 1, NULL),
(370, 433, 5, 0, '2021-05-27 16:45:57', '2021-05-27 16:45:57', 1, NULL),
(371, 433, 6, 0, '2021-05-27 16:45:58', '2021-05-27 16:45:58', 1, NULL),
(372, 437, 5, 0, '2021-05-28 11:20:05', '2021-05-28 11:20:05', 1, NULL),
(373, 437, 6, 0, '2021-05-28 11:20:05', '2021-05-28 11:20:05', 1, NULL),
(374, 437, 2, 0, '2021-05-28 11:20:05', '2021-05-28 11:20:05', 1, NULL),
(375, 438, 4, 7697, '2021-05-28 11:23:10', '2021-05-28 11:23:10', 1, NULL),
(376, 438, 3, 7697, '2021-05-28 11:23:10', '2021-05-28 11:23:10', 1, NULL),
(377, 438, 5, 7697, '2021-05-28 11:23:10', '2021-05-28 11:23:10', 1, NULL),
(378, 438, 6, 7697, '2021-05-28 11:23:10', '2021-05-28 11:23:10', 1, NULL),
(379, 438, 3, 7697, '2021-05-28 11:23:10', '2021-05-28 11:23:10', 1, NULL),
(380, 438, 2, 7697, '2021-05-28 11:23:10', '2021-05-28 11:23:10', 1, NULL),
(381, 439, 5, 0, '2021-05-28 11:31:29', '2021-05-28 11:31:29', 1, NULL),
(382, 439, 4, 0, '2021-05-28 11:31:29', '2021-05-28 11:31:29', 1, NULL),
(383, 439, 6, 0, '2021-05-28 11:31:29', '2021-05-28 11:31:29', 1, NULL),
(384, 439, 2, 0, '2021-05-28 11:31:29', '2021-05-28 11:31:29', 1, NULL),
(385, 439, 7, 0, '2021-05-28 11:31:29', '2021-05-28 11:31:29', 1, NULL),
(386, 439, 4, 0, '2021-05-28 11:31:29', '2021-05-28 11:31:29', 1, NULL),
(387, 439, 3, 0, '2021-05-28 11:31:29', '2021-05-28 11:31:29', 1, NULL),
(388, 440, 4, 0, '2021-05-28 11:32:43', '2021-05-28 11:32:43', 1, NULL),
(389, 440, 3, 0, '2021-05-28 11:32:43', '2021-05-28 11:32:43', 1, NULL),
(390, 440, 5, 0, '2021-05-28 11:32:43', '2021-05-28 11:32:43', 1, NULL),
(391, 440, 6, 0, '2021-05-28 11:32:43', '2021-05-28 11:32:43', 1, NULL),
(392, 441, 4, 0, '2021-05-28 11:36:11', '2021-05-28 11:36:11', 1, NULL),
(393, 441, 5, 0, '2021-05-28 11:36:11', '2021-05-28 11:36:11', 1, NULL),
(394, 441, 5, 0, '2021-05-28 11:36:11', '2021-05-28 11:36:11', 1, NULL),
(395, 441, 5, 0, '2021-05-28 11:36:11', '2021-05-28 11:36:11', 1, NULL),
(396, 441, 5, 0, '2021-05-28 11:36:11', '2021-05-28 11:36:11', 1, NULL),
(397, 441, 6, 0, '2021-05-28 11:36:11', '2021-05-28 11:36:11', 1, NULL),
(398, 441, 6, 0, '2021-05-28 11:36:11', '2021-05-28 11:36:11', 1, NULL),
(399, 441, 6, 0, '2021-05-28 11:36:11', '2021-05-28 11:36:11', 1, NULL),
(400, 441, 7, 0, '2021-05-28 11:36:11', '2021-05-28 11:36:11', 1, NULL),
(401, 441, 7, 0, '2021-05-28 11:36:11', '2021-05-28 11:36:11', 1, NULL),
(402, 441, 7, 0, '2021-05-28 11:36:11', '2021-05-28 11:36:11', 1, NULL),
(403, 441, 3, 0, '2021-05-28 11:36:11', '2021-05-28 11:36:11', 1, NULL),
(404, 441, 3, 0, '2021-05-28 11:36:11', '2021-05-28 11:36:11', 1, NULL),
(405, 441, 4, 0, '2021-05-28 11:36:11', '2021-05-28 11:36:11', 1, NULL),
(406, 441, 3, 0, '2021-05-28 11:36:11', '2021-05-28 11:36:11', 1, NULL),
(407, 441, 2, 0, '2021-05-28 11:36:11', '2021-05-28 11:36:11', 1, NULL),
(408, 441, 2, 0, '2021-05-28 11:36:11', '2021-05-28 11:36:11', 1, NULL),
(409, 441, 4, 0, '2021-05-28 11:36:11', '2021-05-28 11:36:11', 1, NULL),
(410, 441, 2, 0, '2021-05-28 11:36:11', '2021-05-28 11:36:11', 1, NULL),
(411, 441, 4, 0, '2021-05-28 11:36:11', '2021-05-28 11:36:11', 1, NULL),
(412, 443, 5, 0, '2021-05-28 13:33:04', '2021-05-28 13:33:04', 1, NULL),
(413, 443, 7, 0, '2021-05-28 13:33:04', '2021-05-28 13:33:04', 1, NULL),
(414, 443, 7, 0, '2021-05-28 13:33:04', '2021-05-28 13:33:04', 1, NULL),
(415, 443, 7, 0, '2021-05-28 13:33:04', '2021-05-28 13:33:04', 1, NULL),
(416, 443, 3, 0, '2021-05-28 13:33:04', '2021-05-28 13:33:04', 1, NULL),
(417, 443, 2, 0, '2021-05-28 13:33:04', '2021-05-28 13:33:04', 1, NULL),
(418, 443, 3, 0, '2021-05-28 13:33:04', '2021-05-28 13:33:04', 1, NULL),
(419, 443, 4, 0, '2021-05-28 13:33:04', '2021-05-28 13:33:04', 1, NULL),
(420, 443, 5, 0, '2021-05-28 13:33:04', '2021-05-28 13:33:04', 1, NULL),
(421, 443, 6, 0, '2021-05-28 13:33:04', '2021-05-28 13:33:04', 1, NULL),
(422, 443, 6, 0, '2021-05-28 13:33:04', '2021-05-28 13:33:04', 1, NULL),
(423, 443, 7, 0, '2021-05-28 13:33:04', '2021-05-28 13:33:04', 1, NULL),
(424, 443, 6, 0, '2021-05-28 13:33:04', '2021-05-28 13:33:04', 1, NULL),
(425, 443, 6, 0, '2021-05-28 13:33:04', '2021-05-28 13:33:04', 1, NULL),
(426, 443, 6, 0, '2021-05-28 13:33:04', '2021-05-28 13:33:04', 1, NULL),
(427, 443, 5, 0, '2021-05-28 13:33:04', '2021-05-28 13:33:04', 1, NULL),
(428, 443, 4, 0, '2021-05-28 13:33:04', '2021-05-28 13:33:04', 1, NULL),
(429, 443, 3, 0, '2021-05-28 13:33:04', '2021-05-28 13:33:04', 1, NULL),
(430, 443, 2, 0, '2021-05-28 13:33:04', '2021-05-28 13:33:04', 1, NULL),
(431, 444, 4, 2366, '2021-05-28 13:40:48', '2021-05-28 13:40:48', 1, NULL),
(432, 444, 2, 2366, '2021-05-28 13:40:48', '2021-05-28 13:40:48', 1, NULL),
(433, 444, 7, 2366, '2021-05-28 13:40:48', '2021-05-28 13:40:48', 1, NULL),
(434, 444, 5, 2366, '2021-05-28 13:40:48', '2021-05-28 13:40:48', 1, NULL),
(435, 444, 6, 2366, '2021-05-28 13:40:48', '2021-05-28 13:40:48', 1, NULL),
(436, 445, 5, 0, '2021-05-28 15:12:45', '2021-05-28 15:12:45', 1, NULL),
(437, 445, 7, 0, '2021-05-28 15:12:45', '2021-05-28 15:12:45', 1, NULL),
(438, 445, 5, 0, '2021-05-28 15:12:45', '2021-05-28 15:12:45', 1, NULL),
(439, 445, 4, 0, '2021-05-28 15:12:45', '2021-05-28 15:12:45', 1, NULL),
(440, 445, 4, 0, '2021-05-28 15:12:45', '2021-05-28 15:12:45', 1, NULL),
(441, 445, 2, 0, '2021-05-28 15:12:45', '2021-05-28 15:12:45', 1, NULL),
(442, 445, 4, 0, '2021-05-28 15:12:45', '2021-05-28 15:12:45', 1, NULL),
(443, 445, 3, 0, '2021-05-28 15:12:45', '2021-05-28 15:12:45', 1, NULL),
(444, 446, 7, 2000, '2021-05-28 15:35:11', '2021-05-28 15:35:11', 1, NULL),
(445, 446, 4, 2000, '2021-05-28 15:35:11', '2021-05-28 15:35:11', 1, NULL),
(446, 446, 5, 2000, '2021-05-28 15:35:11', '2021-05-28 15:35:11', 1, NULL),
(447, 446, 6, 2000, '2021-05-28 15:35:11', '2021-05-28 15:35:11', 1, NULL),
(448, 446, 4, 2000, '2021-05-28 15:35:11', '2021-05-28 15:35:11', 1, NULL),
(449, 446, 5, 2000, '2021-05-28 15:35:11', '2021-05-28 15:35:11', 1, NULL),
(450, 446, 4, 2000, '2021-05-28 15:35:11', '2021-05-28 15:35:11', 1, NULL),
(451, 450, 5, 5471, '2021-05-28 16:20:12', '2021-05-28 16:20:12', 1, NULL),
(452, 450, 3, 5471, '2021-05-28 16:20:12', '2021-05-28 16:20:12', 1, NULL),
(453, 450, 2, 5471, '2021-05-28 16:20:12', '2021-05-28 16:20:12', 1, NULL),
(454, 450, 5, 5471, '2021-05-28 16:20:12', '2021-05-28 16:20:12', 1, NULL),
(455, 450, 6, 5471, '2021-05-28 16:20:12', '2021-05-28 16:20:12', 1, NULL),
(456, 450, 4, 5471, '2021-05-28 16:20:12', '2021-05-28 16:20:12', 1, NULL),
(457, 450, 6, 5471, '2021-05-28 16:20:12', '2021-05-28 16:20:12', 1, NULL),
(458, 450, 7, 5471, '2021-05-28 16:20:12', '2021-05-28 16:20:12', 1, NULL),
(459, 452, 2, 2665, '2021-05-29 14:06:11', '2021-05-29 14:06:11', 1, NULL),
(460, 452, 2, 2665, '2021-05-29 14:06:11', '2021-05-29 14:06:11', 1, NULL),
(461, 452, 2, 2665, '2021-05-29 14:06:11', '2021-05-29 14:06:11', 1, NULL),
(462, 452, 2, 2665, '2021-05-29 14:06:11', '2021-05-29 14:06:11', 1, NULL),
(463, 452, 2, 2665, '2021-05-29 14:06:11', '2021-05-29 14:06:11', 1, NULL),
(464, 452, 3, 2665, '2021-05-29 14:06:11', '2021-05-29 14:06:11', 1, NULL),
(465, 452, 4, 2665, '2021-05-29 14:06:11', '2021-05-29 14:06:11', 1, NULL),
(466, 452, 4, 2665, '2021-05-29 14:06:11', '2021-05-29 14:06:11', 1, NULL),
(467, 452, 5, 2665, '2021-05-29 14:06:11', '2021-05-29 14:06:11', 1, NULL),
(468, 452, 5, 2665, '2021-05-29 14:06:11', '2021-05-29 14:06:11', 1, NULL),
(469, 452, 5, 2665, '2021-05-29 14:06:11', '2021-05-29 14:06:11', 1, NULL),
(470, 452, 7, 2665, '2021-05-29 14:06:11', '2021-05-29 14:06:11', 1, NULL),
(471, 452, 7, 2665, '2021-05-29 14:06:11', '2021-05-29 14:06:11', 1, NULL),
(472, 452, 6, 2665, '2021-05-29 14:06:11', '2021-05-29 14:06:11', 1, NULL),
(473, 452, 6, 2665, '2021-05-29 14:06:11', '2021-05-29 14:06:11', 1, NULL),
(474, 453, 4, 3500, '2021-05-29 14:37:56', '2021-05-29 14:37:56', 1, NULL),
(475, 453, 10, 3500, '2021-05-29 14:37:56', '2021-05-29 14:37:56', 1, NULL),
(476, 453, 3, 3500, '2021-05-29 14:37:56', '2021-05-29 14:37:56', 1, NULL),
(477, 453, 2, 3500, '2021-05-29 14:37:56', '2021-05-29 14:37:56', 1, NULL),
(478, 453, 2, 3500, '2021-05-29 14:37:56', '2021-05-29 14:37:56', 1, NULL),
(479, 453, 3, 3500, '2021-05-29 14:37:56', '2021-05-29 14:37:56', 1, NULL),
(480, 453, 3, 3500, '2021-05-29 14:37:56', '2021-05-29 14:37:56', 1, NULL),
(481, 453, 4, 3500, '2021-05-29 14:37:56', '2021-05-29 14:37:56', 1, NULL),
(482, 453, 4, 3500, '2021-05-29 14:37:56', '2021-05-29 14:37:56', 1, NULL),
(483, 453, 7, 3500, '2021-05-29 14:37:56', '2021-05-29 14:37:56', 1, NULL),
(484, 453, 5, 3500, '2021-05-29 14:37:56', '2021-05-29 14:37:56', 1, NULL),
(485, 453, 6, 3500, '2021-05-29 14:37:56', '2021-05-29 14:37:56', 1, NULL);

-- --------------------------------------------------------

--
-- Estructura de tabla para la tabla `users`
--

DROP TABLE IF EXISTS `users`;
CREATE TABLE IF NOT EXISTS `users` (
  `id` int(11) NOT NULL AUTO_INCREMENT,
  `email` varchar(250) NOT NULL,
  `password` varchar(250) NOT NULL,
  `name` varchar(50) DEFAULT NULL,
  `numberOfBikes` int(11) DEFAULT '0',
  `createdDate` datetime NOT NULL DEFAULT CURRENT_TIMESTAMP,
  `isLogged` tinyint(1) NOT NULL DEFAULT '1',
  PRIMARY KEY (`id`)
) ENGINE=MyISAM AUTO_INCREMENT=45 DEFAULT CHARSET=latin1;

--
-- Volcado de datos para la tabla `users`
--

INSERT INTO `users` (`id`, `email`, `password`, `name`, `numberOfBikes`, `createdDate`, `isLogged`) VALUES
(6, 'pere@gmail.com', '8979', NULL, 0, '2021-05-24 16:50:56', 0),
(42, 'admin@admin.com', 'admin', NULL, 0, '2021-05-28 19:31:12', 1),
(13, 'ff@ff.comdf', '12345', 'null', 0, '2021-05-25 10:25:10', 1),
(15, 'fdgfdg', '5656', 'Pere', 0, '2021-05-25 10:27:17', 1),
(16, 'fg@ff.com', '123', NULL, 0, '2021-05-25 10:28:02', 1),
(17, 'dfsdf@dsf.com', '12345', NULL, 0, '2021-05-25 12:53:39', 1),
(18, 'wew@sds.com', '12345', NULL, 0, '2021-05-25 12:54:26', 1),
(19, 'pere@gmail.c', '1', NULL, 0, '2021-05-25 13:04:27', 1),
(20, 'sfdsd@sdf.com', '123456', NULL, 0, '2021-05-25 13:15:43', 1),
(21, 'gj@fvd.com', '12345', NULL, 0, '2021-05-25 13:17:35', 1),
(22, 'pere@s.m', '12', NULL, 0, '2021-05-25 13:33:49', 1),
(23, 'fgf@wds.co', '77', NULL, 0, '2021-05-25 13:33:57', 1),
(24, 'sd,@fd.com', '12322', NULL, 0, '2021-05-25 14:35:13', 1),
(25, 'pere@gmail.comdsf', '4543', NULL, 0, '2021-05-25 14:41:36', 1),
(26, 'rgdfg@dsf.com', 'ssd', NULL, 0, '2021-05-25 18:56:30', 1),
(27, 'ghfg@dsg.com', 'dsfdf', NULL, 0, '2021-05-25 18:58:04', 1),
(28, 'dd@fdf.com', 'sdsdsd', NULL, 0, '2021-05-25 18:59:18', 1),
(29, 'pp@pp.com', 'pp', NULL, 0, '2021-05-26 17:08:49', 1),
(44, 'prueba1@prueba.com', 'prueba', NULL, 1, '2021-05-29 14:37:33', 1),
(43, 'pere.reche@gmail.es', '12345', NULL, 1, '2021-05-29 13:50:18', 1),
(33, 'mybikes@mybikes.com', 'mybikes', NULL, 0, '2021-05-27 16:07:34', 1),
(34, 'mybikes@mybikes.com', 'mybikes', NULL, 0, '2021-05-27 16:17:45', 1),
(35, 'nuevo@nuevo.com', 'nuevo', NULL, 0, '2021-05-27 16:43:29', 1),
(36, 'nuevo@nuegvo.com', 'g', NULL, 0, '2021-05-27 16:44:36', 1),
(37, 'prueba@prueba.com', 'prueba', NULL, 0, '2021-05-28 11:22:40', 1),
(38, 'test2@test2.com', 't', NULL, 0, '2021-05-28 13:28:44', 1),
(39, 'manolo@manolo.com', 'manolo', NULL, 0, '2021-05-28 15:12:07', 1),
(40, 'jordi@jordi.com', 'jordi', NULL, 0, '2021-05-28 15:34:16', 1),
(41, 'jose@jose.com', '12345p', NULL, 2, '2021-05-28 16:19:37', 1);

--
-- Disparadores `users`
--
DROP TRIGGER IF EXISTS `Erase bikes`;
DELIMITER $$
CREATE TRIGGER `Erase bikes` AFTER DELETE ON `users` FOR EACH ROW DELETE FROM bikes where idUser = OLD.id
$$
DELIMITER ;
DROP TRIGGER IF EXISTS `create adminprocess`;
DELIMITER $$
CREATE TRIGGER `create adminprocess` AFTER DELETE ON `users` FOR EACH ROW INSERT INTO `adminprocess`(`userName`, `action`, `idObject`) VALUES (OLD.name,'DELETE',OLD.id)
$$
DELIMITER ;
COMMIT;

/*!40101 SET CHARACTER_SET_CLIENT=@OLD_CHARACTER_SET_CLIENT */;
/*!40101 SET CHARACTER_SET_RESULTS=@OLD_CHARACTER_SET_RESULTS */;
/*!40101 SET COLLATION_CONNECTION=@OLD_COLLATION_CONNECTION */;
